experience_level,mean,median
Entry,36111.11111111111,30000.0
Executive,76076.92307692308,46000.0
Mid,51786.88524590164,51000.0
Senior,75088.03301237964,68000.0
